Protease Name,Family,Homologs (y/n),Acc Number,Homolog Sequence
HIV-1 retropepsin,Aspartic protease,N,,
cathepsin K,Cysteine protease,N,,
calpain-1,Cysteine protease,N,,
caspase-1,Cysteine protease,N,,
caspase-3,Cysteine protease,N,,
caspase-7,Cysteine protease,N,,
caspase-6,Cysteine protease,N,,
caspase-8,Cysteine protease,N,,
matrix metallopeptidase-2,Metalloprotease,N,,
matrix metallopeptidase-9,Metalloprotease,N,,
matrix metallopeptidase-3,Metalloprotease,N,,
matrix metallopeptidase-7,Metalloprotease,N,,
chymotrypsin A (cattle-type),Serine protease,N,,
granzyme B (Homo sapiens-type),Serine protease,N,,
elastase-2,Serine protease,N,,
cathepsin G,Serine protease,N,,
granzyme B (rodent-type),Serine protease,N,,
thrombin,Serine protease,N,,
plasmin,Serine protease,N,,
glutamyl peptidase I,Serine protease,N,,
furin,Serine protease,N,,
signal peptidase I,Serine protease,Y,WP_000002542.1,MANMFALILVIATLVTGILWCVDKFFFAPKRRERQAAAQAAAGDSLDKATLKKVAPKPGWLETGASVFPVLAIVLIVRSFIYEPFQIPSGSMMPTLLIGDFILVEKFAYGIKDPIYQKTLIETGHPKRGDIVVFKYPEDPKLDYIKRAVGLPGDKVTYDPVSKELTIQPGCSSGQACENALPVTYSNVEPSDFVQTFSRRNGGEATSGFFEVPKNETKENGIRLSERKETLGDVTHRILTVPIAQDQVGMYYQQPGQQLATWIVPPGQYFMMGDNRDNSADSRYWGFVPEANLVGRATAIWMSFDKQEGEWPTGVRLSRIGGIH
thylakoidal processing peptidase,Serine protease,N,,
signalase (animal) 21 kDa component,Serine protease,N,,
