amino_acid,codon,relative_frequency
*,UAA,0.39
*,UAG,0.21
*,UGA,0.41
A,GCA,0.34
A,GCC,0.21
A,GCG,0.2
A,GCU,0.26
C,UGC,0.46
C,UGU,0.54
D,GAC,0.38
D,GAU,0.62
E,GAA,0.69
E,GAG,0.31
F,UUC,0.41
F,UUU,0.59
G,GGA,0.4
G,GGC,0.21
G,GGG,0.15
G,GGU,0.23
H,CAC,0.41
H,CAU,0.59
I,AUA,0.32
I,AUC,0.27
I,AUU,0.42
K,AAA,0.66
K,AAG,0.34
L,CUA,0.13
L,CUC,0.12
L,CUG,0.14
L,CUU,0.16
L,UUA,0.22
L,UUG,0.23
M,AUG,1.0
N,AAC,0.4
N,AAU,0.6
P,CCA,0.37
P,CCC,0.18
P,CCG,0.21
P,CCU,0.24
Q,CAA,0.65
Q,CAG,0.35
R,AGA,0.26
R,AGG,0.15
R,CGA,0.21
R,CGC,0.11
R,CGG,0.12
R,CGU,0.14
S,AGC,0.15
S,AGU,0.18
S,UCA,0.22
S,UCC,0.14
S,UCG,0.15
S,UCU,0.15
T,ACA,0.35
T,ACC,0.2
T,ACG,0.2
T,ACU,0.24
V,GUA,0.23
V,GUC,0.2
V,GUG,0.26
V,GUU,0.32
W,UGG,1.0
Y,UAC,0.39
Y,UAU,0.61
