amino_acid,codon,relative_frequency
*,TAA,0.49
*,TAG,0.23
*,TGA,0.28
A,GCA,0.31
A,GCC,0.21
A,GCG,0.16
A,GCT,0.31
C,TGC,0.48
C,TGT,0.52
D,GAC,0.36
D,GAT,0.64
E,GAA,0.66
E,GAG,0.34
F,TTC,0.53
F,TTT,0.47
G,GGA,0.39
G,GGC,0.21
G,GGG,0.12
G,GGT,0.28
H,CAC,0.37
H,CAT,0.63
I,ATA,0.28
I,ATC,0.28
I,ATT,0.44
K,AAA,0.61
K,AAG,0.39
L,CTA,0.13
L,CTC,0.11
L,CTG,0.15
L,CTT,0.17
L,TTA,0.19
L,TTG,0.24
M,ATG,1.0
N,AAC,0.38
N,AAT,0.62
P,CCA,0.4
P,CCC,0.15
P,CCG,0.2
P,CCT,0.25
Q,CAA,0.65
Q,CAG,0.35
R,AGA,0.19
R,AGG,0.12
R,CGA,0.24
R,CGC,0.13
R,CGG,0.12
R,CGT,0.2
S,AGC,0.14
S,AGT,0.2
S,TCA,0.24
S,TCC,0.12
S,TCG,0.16
S,TCT,0.14
T,ACA,0.35
T,ACC,0.19
T,ACG,0.19
T,ACT,0.26
V,GTA,0.21
V,GUC,0.19
V,GTG,0.24
V,GTT,0.35
W,TGG,1.0
Y,TAC,0.45
Y,TAT,0.56
