amino_acid,codon,relative_freqTency
*,TAA,0.74
*,TAG,0.15
*,TGA,0.11
A,GCA,0.2
A,GCC,0.32
A,GCG,0.07
A,GCT,0.41
C,TGC,0.54
C,TGT,0.46
D,GAC,0.39
D,GAT,0.61
E,GAA,0.69
E,GAG,0.31
F,TTC,0.73
F,TTT,0.27
G,GGA,0.43
G,GGC,0.2
G,GGG,0.05
G,GGT,0.32
H,CAC,0.44
H,CAT,0.56
I,ATA,0.12
I,ATC,0.42
I,ATT,0.46
K,AAA,0.48
K,AAG,0.52
L,CTA,0.09
L,CTC,0.17
L,CTG,0.11
L,CTT,0.19
L,TTA,0.11
L,TTG,0.33
M,ATG,1
N,AAC,0.51
N,AAT,0.49
P,CCA,0.52
P,CCC,0.16
P,CCG,0.1
P,CCT,0.22
Q,CAA,0.72
Q,CAG,0.28
R,AGA,0.12
R,AGG,0.12
R,CGA,0.15
R,CGC,0.19
R,CGG,0.07
R,CGT,0.35
S,AGC,0.15
S,AGT,0.16
S,TCA,0.23
S,TCC,0.17
S,TCG,0.11
S,TCT,0.17
T,ACA,0.27
T,ACC,0.33
T,ACG,0.1
T,ACT,0.3
V,GTA,0.17
V,GTC,0.27
V,GTG,0.16
V,GTT,0.4
W,TGG,1
Y,TAC,0.59
Y,TAT,0.41
